ОБ1-01-11-08-098	2307
ОБ1-01-24-03-223	2307
ОБ1-01-24-05-225	2307
ОБ2-01-14-03-123	2307
ОБ2-01-24-02-222	2307
ОБ2-01-24-03-223	2307
ОБ2-01-24-04-224	2307
ОБ2-01-25-02-228	2307
ОБ3-01-24-02-200	2307
ОБ3-01-24-03-201	2307
ОБ4-01-18-06-134	2307
ОБ4-01-19-04-140	2307
ОБ4-01-24-04-180	2307
ОБ4-01-24-05-181	2307
ОБ4-01-24-06-182	2307
ОБ4-01-25-02-184	2307
ОБ4-01-25-03-185	2307
ОБ5-02-16-04-304	2307
ОБ5-02-19-06-330	2307
ОБ5-02-24-04-368	2307
НГР1-01-04-10-029	2929
НГР1-01-08-04-063	2929
НГР1-01-19-06-168	2929
НГР1-01-21-06-185	2929
НГР1-01-21-07-186	2929
НГР1-01-22-04-191	2929
НГР2-02-20-03-369	2929
НГР2-02-22-07-389	2929
НГР2-02-23-04-394	2929
НГР2-02-25-04-410	2929
НГР3-03-11-06-494	2929
НГР3-03-19-03-555	2929
НГР3-03-22-07-583	2929
НГР3-03-24-01-593	2929
НГР3-03-25-05-605	2929
НГР3-03-26-02-607	2929
НГР4-04-15-06-759	2929
НГР4-04-20-02-810	2929
НГР4-04-20-11-819	2929
НГР4-04-21-05-824	2929
НГР4-04-24-03-855	2929
НГР4-04-24-08-860	2929
НГР4-04-25-01-861	2929
НГР5-05-04-05-911	2929
НГР5-05-05-06-923	2929
НГР5-05-06-03-931	2929
НГР5-05-10-04-976	2929
НГР5-05-17-01-1050	2929
НГР5-05-22-06-1110	2929
НГР5-05-23-10-1125	2929
НГР6-06-02-01-1159	2929
НГР6-06-02-03-1161	2929
НГР6-07-02-01-1175	2929
НГР6-07-02-02-1176	2929
НГР6-08-02-03-1193	2929
НГР6-08-02-04-1194	2929
МРС1-01-03-05-011	2929
МРС1-01-16-03-099	2929
МРС1-01-17-05-107	2929
МРС1-01-17-06-108	2929
МРС1-01-23-04-142	2929
МРС2-07-14-01-312	2929
МРС2-08-13-03-350	2929
МРС3-10-20-02-484	2929
МРС3-10-26-05-517	2929
МРС4-01-01-01-001	2929
МРС4-02-05-03-046	2929
МРС4-03-01-01-066	2929
МРС5-04-11-07-160	2929
МРС5-04-26-05-254	2929
МРС5-04-29-03-270	2929
МРС6-02-16-03-105	2929
МРС6-02-19-02-113	2929
МРС6-03-08-03-140	2929
МРС7-04-14-07-281	2929
МРС7-04-16-07-297	2929
МРС7-04-20-01-319	2929
МРС8-05-03-02-364	2929
МРС8-05-12-01-390	2929
МРС8-06-03-01-408	2929
МРС8-06-12-02-436	2929
МРС8-06-13-03-440	2929
МРС8-08-10-01-513	2929
МРС8-08-10-03-515	2929
МРС8-09-02-02-523	2929
МРС8-09-02-03-524	2929
МРС8-11-01-01-547	2929
СН1-01-03-03-009	2929
СН1-01-04-01-014	2929
СН2-02-02-02-094	2929
СН2-02-04-03-103	2929
СН2-04-12-02-255	2929
СН2-04-14-04-267	2929
СН2-05-07-03-282	2929
СН2-05-13-01-298	2929
СН3-06-08-02-320	2929
СН3-06-09-01-323	2929
СН3-07-07-03-361	2929
СН3-08-04-01-409	2929
СН3-08-09-05-438	2929
СН3-09-07-01-499	2929
СН4-10-09-02-567	2929
СН4-10-10-05-576	2929
СН4-10-10-06-577	2929
СН4-10-13-04-593	2929
СН4-10-14-01-596	2929
СН5-11-03-07-640	2929
СН5-11-04-02-643	2929
СН5-11-11-04-698	2929
СН6-12-03-06-746	2929
СН6-12-13-01-795	2929
СН11-20-02-05-1395	2929
СН11-20-06-05-1422	2929
СН11-20-11-05-1455	2929
СН11-20-14-03-1468	2929
СН7-13-04-06-840	2929
СН7-13-12-02-894	2929
СН7-13-13-03-900	2929
СН8-14-02-01-929	2929
СН8-14-05-06-951	2929
СН8-14-06-04-955	2929
СН8-14-11-02-983	2929
СН8-14-12-01-988	2929
СН8-15-09-03-1060	2929
СН8-15-10-05-1069	2929
СН9-17-05-02-1149	2929
СН9-18-02-05-1204	2929
СН9-18-04-04-1215	2929
СН9-18-07-06-1235	2929
НМ41-01-08-01-061	2307
НМ41-01-08-10-070	2307
НМ42-01-04-01-021	2307
НМ42-01-08-04-064	2307
НМ35-04-07-05-356	2307
НМ35-02-13-01-159	2307
НМ35-03-10-03-257	2307
НМ35-03-13-03-284	2307
НМ38-02-11-04-137	2307
МК6-08-28-03-1164	2929
МК4-02-12-02-298	2929
МК4-02-21-02-361	2929
МК4-02-25-07-394	2929
МК6-09-21-07-1321	2929
МК6-09-25-07-1349	2929
МК6-09-28-07-1370	2929
МК6-09-21-01-1315	2929
МК6-09-25-01-1343	2929
МК6-09-28-01-1364	2929
ОЗ1-01-21-05-176	2307
ОЗ1-01-21-06-177	2307
ОЗ1-01-25-01-208	2307
ОЗ1-01-25-03-210	2307
ОЗ1-01-25-04-211	2307
ОЗ1-01-25-06-213	2307
ОЗ1-01-25-07-214	2307
ОЗ1-01-25-08-215	2307
ОЗ1-02-25-02-425	2307
ОЗ1-02-25-03-426	2307
ОЗ1-02-25-05-428	2307
ОЗ1-03-14-09-549	2307
ОЗ1-03-22-09-621	2307
ОЗ1-03-25-01-640	2307
ОЗ1-03-25-04-643	2307
ОЗ1-03-25-05-644	2307
ОЗ1-03-25-06-645	2307
ОЗ1-03-25-07-646	2307
ОЗ1-03-25-08-647	2307
ОЗ1-03-25-09-648	2307
ОЗ2-01-12-11-131	2307
ОЗ2-01-14-08-152	2307
ОЗ2-01-15-12-168	2307
ОЗ2-01-16-07-175	2307
ОЗ2-01-17-11-191	2307
ОЗ2-01-18-04-196	2307
ОЗ2-01-19-10-214	2307
ОЗ2-01-21-09-237	2307
ОЗ2-01-22-10-250	2307
ОЗ2-01-23-12-264	2307
ОЗ2-01-24-05-269	2307
ОЗ3-01-24-01-283	2307
ОЗ3-01-24-05-287	2307
ОЗ3-01-24-09-291	2307
ОЗ4-01-24-01-283	2307
ОЗ4-01-24-02-284	2307
ОЗ4-01-24-04-286	2307
ОЗ4-01-24-06-288	2307
ОЗ4-01-24-09-291	2307
ОЗ7-01-12-05-105	2307
ОЗ7-01-14-05-125	2307
ОЗ7-01-21-05-195	2307
ОЗ7-01-25-01-231	2307
ОЗ7-01-25-04-234	2307
ОЗ7-01-25-05-235	2307
ОЗ7-01-25-07-237	2307
ОЗ7-01-25-10-240	2307
ОЗ8-01-17-03-168	2307
ОЗ8-01-19-03-190	2307
ОЗ8-01-23-08-239	2307
ОЗ8-01-24-02-241	2307
ОЗ8-01-24-04-243	2307
ОЗ8-01-24-05-244	2307
ОЗ8-01-24-06-245	2307
ОЗ9-01-18-07-183	2307
ОЗ9-01-19-07-194	2307
ОЗ9-01-24-02-241	2307
ОЗ9-01-24-03-242	2307
НП20-06-15-08-597	2307
НП20-06-13-04-573	2307
НП20-06-09-08-537	2307
НП20-06-09-04-533	2307
НП23-03-04-10-192	2307
НП27-06-12-10-552	2307
НП27-06-08-10-508	2307
НП21-03-15-12-328	2307
НП21-03-09-12-256	2307
НП20-03-11-05-263	2307
НП27-02-10-06-172	2307
МЛВ1-01-16-10-150	2307
МЛВ1-02-15-11-314	2307
МЛВ1-02-16-02-316	2307
МЛВ1-01-15-09-139	2307
МЛВ1-02-11-05-264	2307
МЛВ1-01-16-02-142	2307
МЛВ2-01-08-13-109	2307
МЛВ1-01-08-02-062	2307
МЛВ1-03-15-03-482	2307
МЛВ1-02-06-03-207	2307
АП01-01-12-05-115	2307
АП01-01-08-04-070	2307
АП01-01-11-04-103	2307
АП01-01-11-08-107	2307
АП01-02-10-02-195	2307
АП01-02-07-03-169	2307
АП01-03-09-03-286	2307
АП01-03-09-01-284	2307
АП01-03-09-02-285	2307
АП01-03-09-05-288	2307
АП01-03-09-06-289	2307
АП01-03-09-07-290	2307
АП02-02-09-02-070	2307
МРС6-01-08-01-019	2929
НМ41-01-05-09-039	2307
НМ41-01-12-09-109	2307
НМ42-01-10-01-081	2307
НМ42-01-05-10-040	2307
НМ42-01-09-10-080	2307
НМ43-01-11-01-091	2307
НМ43-01-11-09-099	2307
НМ43-01-11-10-100	2307
НМ43-01-05-01-031	2307
НМ43-01-05-09-039	2307
НМ43-01-05-10-040	2307
НМ35-03-05-09-218	2307
НМ35-03-05-04-213	2307
НМ35-03-08-04-240	2307
НМ35-04-09-05-366	2307
НМ38-01-08-01-031	2307
МК6-08-25-03-1146	2929
МК4-02-11-02-290	2929
МК4-02-23-07-380	2929
МК6-09-23-07-1335	2929
МК6-09-27-07-1363	2929
МК4-02-27-07-408	2929
МК4-02-28-07-415	2929
МК6-09-19-01-1301	2929
МК6-09-22-01-1322	2929
МК6-09-23-01-1329	2929
МК6-09-24-01-1336	2929
МК4-02-24-01-381	2929
МК4-02-25-01-388	2929
МК4-02-26-01-395	2929
НП20-06-15-04-593	2307
НП20-06-12-08-567	2307
НП20-06-11-04-553	2307
НП20-06-08-08-527	2307
НП20-06-08-04-523	2307
НП23-03-13-10-302	2307
НП23-03-11-10-278	2307
НП21-03-12-12-292	2307
НП21-03-10-12-268	2307
НП21-03-08-12-244	2307
НП20-03-03-05-223	2307
НП20-03-08-05-248	2307
НП20-03-05-05-233	2307
НП27-02-07-06-151	2307
МЛВ2-01-16-13-237	2307
МЛВ2-01-13-13-189	2307
МЛВ1-01-15-02-132	2307
МЛВ1-01-11-02-092	2307
МЛВ1-02-15-03-306	2307
МЛВ2-01-07-13-093	2307
МЛВ1-02-11-03-262	2307
МЛВ2-01-16-04-228	2307
МЛВ2-01-15-04-212	2307
МЛВ2-01-03-13-029	2307
МЛВ2-01-10-04-132	2307
АП01-01-10-05-093	2307